{"stats":{"minecraft:killed":{"minecraft:bat":3},"minecraft:picked_up":{"minecraft:charcoal":42,"minecraft:birch_door":1,"minecraft:black_carpet":3,"minecraft:redstone_block":320,"minecraft:flower_pot":5,"minecraft:string":195211,"minecraft:moss_carpet":13,"minecraft:flint_and_steel":1,"minecraft:sticky_piston":3,"minecraft:armor_stand":1,"minecraft:candle":6,"minecraft:smooth_stone":1,"minecraft:comparator":6,"minecraft:bucket":45,"minecraft:redstone_torch":59,"minecraft:observer":260,"minecraft:azalea":4,"minecraft:lectern":1,"minecraft:chest":1,"minecraft:sandstone":8,"minecraft:birch_trapdoor":2,"minecraft:big_dripleaf":4,"minecraft:white_dye":192,"minecraft:lightning_rod":1,"minecraft:stone_button":3,"minecraft:pointed_dripstone":1,"minecraft:redstone":57,"minecraft:stone_pressure_plate":2,"minecraft:black_dye":192,"minecraft:light_gray_bed":1,"minecraft:weeping_vines":34,"minecraft:bamboo_sign":2,"minecraft:decorated_pot":22,"minecraft:shears":1,"minecraft:black_banner":50,"minecraft:white_wool":84,"minecraft:skeleton_skull":5,"minecraft:rail":1,"minecraft:birch_log":86,"minecraft:pink_petals":84,"minecraft:magma_block":1,"minecraft:repeater":20,"minecraft:tripwire_hook":72,"minecraft:water_bucket":168,"minecraft:powder_snow_bucket":7,"minecraft:torchflower":3,"minecraft:lily_pad":2,"minecraft:white_banner":49,"minecraft:twisting_vines":1,"minecraft:glass":106,"minecraft:spore_blossom":1,"minecraft:dark_oak_sign":3,"minecraft:powered_rail":145,"minecraft:acacia_hanging_sign":1,"minecraft:debug_stick":2,"minecraft:scaffolding":42,"minecraft:glow_lichen":1,"minecraft:pitcher_plant":3,"minecraft:brush":2,"minecraft:lava_bucket":4,"minecraft:birch_fence_gate":5,"minecraft:small_amethyst_bud":1,"minecraft:firework_rocket":580,"minecraft:dispenser":2,"minecraft:lever":91,"minecraft:birch_sign":26,"minecraft:mangrove_propagule":5,"minecraft:crimson_roots":1,"minecraft:sunflower":1},"minecraft:crafted":{"minecraft:white_carpet":159,"minecraft:firework_star":64,"minecraft:firework_rocket":192},"minecraft:dropped":{"minecraft:water_bucket":9,"minecraft:black_dye":192,"minecraft:decorated_pot":1,"minecraft:observer":2,"minecraft:black_banner":48,"minecraft:stick":1,"minecraft:lava_bucket":1,"minecraft:cobweb":1,"minecraft:packed_ice":1,"minecraft:brush":2,"minecraft:stone_button":1,"minecraft:dispenser":2,"minecraft:repeater":1,"minecraft:white_banner":49,"minecraft:smooth_stone":1,"minecraft:string":173,"minecraft:armor_stand":1,"minecraft:redstone":3,"minecraft:white_wool":84,"minecraft:acacia_hanging_sign":1,"minecraft:bamboo_sign":2,"minecraft:glow_lichen":1,"minecraft:debug_stick":3,"minecraft:shears":1,"minecraft:birch_fence_gate":8,"minecraft:lightning_rod":1,"minecraft:birch_trapdoor":2,"minecraft:skeleton_skull":1,"minecraft:light_gray_bed":1,"minecraft:chest":1,"minecraft:birch_sign":1,"minecraft:white_dye":192,"minecraft:sandstone":8,"minecraft:powered_rail":1,"minecraft:glass":72,"minecraft:magma_block":1,"minecraft:scaffolding":4,"minecraft:lectern":1},"minecraft:custom":{"minecraft:inspect_dropper":100,"minecraft:mob_kills":3,"minecraft:inspect_hopper":3,"minecraft:interact_with_crafting_table":6,"minecraft:fill_cauldron":6,"minecraft:eat_cake_slice":8,"minecraft:leave_game":38,"minecraft:time_since_death":1914408,"minecraft:climb_one_cm":2433,"minecraft:sprint_one_cm":434639,"minecraft:walk_one_cm":1031821,"minecraft:drop":104,"minecraft:play_time":1914408,"minecraft:walk_under_water_one_cm":139323,"minecraft:sneak_time":135179,"minecraft:jump":7004,"minecraft:walk_on_water_one_cm":287437,"minecraft:total_world_time":4123742,"minecraft:interact_with_furnace":19,"minecraft:tune_noteblock":380,"minecraft:interact_with_loom":51,"minecraft:time_since_rest":1914408,"minecraft:interact_with_beacon":1,"minecraft:swim_one_cm":843,"minecraft:fly_one_cm":9416240,"minecraft:open_chest":14,"minecraft:crouch_one_cm":144401,"minecraft:inspect_dispenser":216},"minecraft:used":{"minecraft:azalea":4,"minecraft:moss_block":15,"minecraft:oak_trapdoor":6,"minecraft:trident":11,"minecraft:moss_carpet":65,"minecraft:enchanting_table":1,"minecraft:iron_bars":1,"minecraft:brain_coral_fan":1,"minecraft:dead_bush":1,"minecraft:flint_and_steel":102,"minecraft:armor_stand":11,"minecraft:dispenser":426,"minecraft:ladder":2,"minecraft:redstone":173,"minecraft:suspicious_sand":5,"minecraft:bamboo_sign":1,"minecraft:oak_sign":2,"minecraft:black_carpet":8,"minecraft:decorated_pot":67,"minecraft:chest":31,"minecraft:bell":3,"minecraft:bubble_coral":2,"minecraft:structure_block":5,"minecraft:tube_coral":2,"minecraft:sculk_sensor":2,"minecraft:oak_door":1,"minecraft:debug_stick":2538,"minecraft:torch":1,"minecraft:dragon_egg":1,"minecraft:brewing_stand":2,"minecraft:dirt":58,"minecraft:birch_pressure_plate":1,"minecraft:target":15,"minecraft:hopper":55,"minecraft:twisting_vines":2,"minecraft:shulker_box":1,"minecraft:glow_lichen":26,"minecraft:weeping_vines":127,"minecraft:oak_fence_gate":1,"minecraft:obsidian":8,"minecraft:small_dripleaf":10,"minecraft:big_dripleaf":11,"minecraft:birch_door":4,"minecraft:glass":2566,"minecraft:packed_ice":26,"minecraft:honey_block":24,"minecraft:sea_lantern":1,"minecraft:lava_bucket":44,"minecraft:red_wool":170,"minecraft:grass_block":33,"minecraft:lantern":1,"minecraft:light_weighted_pressure_plate":12,"minecraft:slime_block":25,"minecraft:crimson_roots":1,"minecraft:piglin_brute_spawn_egg":7,"minecraft:stone_brick_stairs":51,"minecraft:repeater":229,"minecraft:scaffolding":82,"minecraft:tripwire_hook":215,"minecraft:birch_trapdoor":116,"minecraft:redstone_lamp":4,"minecraft:infested_mossy_stone_bricks":1,"minecraft:magma_block":61,"minecraft:snow":121,"minecraft:horn_coral":3,"minecraft:tall_grass":2,"minecraft:sweet_berries":1,"minecraft:iron_trapdoor":20,"minecraft:pitcher_plant":4,"minecraft:furnace":5,"minecraft:minecart":3,"minecraft:gold_block":12,"minecraft:infested_cobblestone":1,"minecraft:skeleton_skull":6,"minecraft:gray_banner":1,"minecraft:stone_pressure_plate":5,"minecraft:observer":996,"minecraft:fire_coral_fan":1,"minecraft:dragon_head":3,"minecraft:pointed_dripstone":1,"minecraft:turtle_egg":1,"minecraft:powder_snow_bucket":3,"minecraft:large_fern":8,"minecraft:light_gray_bed":1,"minecraft:horn_coral_fan":42,"minecraft:hanging_roots":6,"minecraft:brown_bed":1,"minecraft:mangrove_leaves":12,"minecraft:yellow_banner":1,"minecraft:water_bucket":844,"minecraft:end_rod":7,"minecraft:tube_coral_fan":2,"minecraft:torchflower":3,"minecraft:dropper":86,"minecraft:dark_oak_hanging_sign":5,"minecraft:infested_stone":50,"minecraft:powered_rail":424,"minecraft:dark_oak_sign":83,"minecraft:lime_wool":7,"minecraft:bubble_coral_fan":1,"minecraft:ender_pearl":7,"minecraft:sandstone":649,"minecraft:redstone_block":408,"minecraft:structure_void":7,"minecraft:composter":15,"minecraft:sniffer_egg":1,"minecraft:cauldron":9,"minecraft:white_dye":8,"minecraft:beacon":1,"minecraft:glow_ink_sac":8,"minecraft:calibrated_sculk_sensor":1,"minecraft:warped_roots":1,"minecraft:conduit":1,"minecraft:large_amethyst_bud":1,"minecraft:oak_leaves":5,"minecraft:white_wool":127,"minecraft:brain_coral":2,"minecraft:glow_berries":2,"minecraft:sand":2,"minecraft:acacia_hanging_sign":1,"minecraft:rail":6,"minecraft:comparator":54,"minecraft:vine":19,"minecraft:infested_chiseled_stone_bricks":2,"minecraft:crafting_table":2,"minecraft:loom":3,"minecraft:birch_sign":72,"minecraft:black_banner":78,"minecraft:dead_bubble_coral":1,"minecraft:sponge":48,"minecraft:note_block":121,"minecraft:fire_coral":2,"minecraft:stone_brick_wall":38,"minecraft:painting":23,"minecraft:infested_deepslate":15,"minecraft:infested_stone_bricks":1,"minecraft:cake":6,"minecraft:small_amethyst_bud":4,"minecraft:sticky_piston":367,"minecraft:lightning_rod":4,"minecraft:birch_fence":1,"minecraft:black_terracotta":1,"minecraft:redstone_torch":361,"minecraft:amethyst_cluster":1,"minecraft:piston":75,"minecraft:black_concrete":12,"minecraft:lever":287,"minecraft:black_wool":1,"minecraft:flower_pot":5,"minecraft:light":7,"minecraft:activator_rail":14,"minecraft:firework_rocket":11,"minecraft:daylight_detector":1,"minecraft:birch_fence_gate":63,"minecraft:sunflower":1,"minecraft:command_block":29,"minecraft:birch_slab":2,"minecraft:barrier":2,"minecraft:nether_sprouts":1,"minecraft:string":984,"minecraft:mangrove_propagule":7,"minecraft:oak_button":10,"minecraft:stone_button":13,"minecraft:detector_rail":1,"minecraft:spore_blossom":1,"minecraft:lectern":3,"minecraft:iron_door":5,"minecraft:deepslate":1,"minecraft:gravel":2,"minecraft:crimson_nylium":1,"minecraft:soul_lantern":1,"minecraft:pink_petals":84,"minecraft:fire_charge":3,"minecraft:suspicious_gravel":13,"minecraft:cobblestone":2,"minecraft:dead_horn_coral_fan":1,"minecraft:white_banner":9,"minecraft:medium_amethyst_bud":1,"minecraft:sandstone_slab":34,"minecraft:piglin_spawn_egg":16,"minecraft:bucket":162,"minecraft:glass_pane":7,"minecraft:magenta_glazed_terracotta":15,"minecraft:smooth_stone_slab":5,"minecraft:end_portal_frame":1,"minecraft:sea_pickle":1,"minecraft:brush":20,"minecraft:oak_hanging_sign":1,"minecraft:pillager_spawn_egg":11,"minecraft:smooth_stone":1337,"minecraft:sculk_vein":252,"minecraft:bone_meal":14,"minecraft:candle":15,"minecraft:cobweb":3}},"DataVersion":3700}