{"stats":{"minecraft:dropped":{"minecraft:repeating_command_block":1,"minecraft:player_head":1,"minecraft:glow_lichen":1,"minecraft:endermite_spawn_egg":1,"minecraft:oak_button":2,"minecraft:stone_button":1,"minecraft:repeater":1,"minecraft:string":67,"minecraft:armor_stand":1},"minecraft:used":{"minecraft:water_bucket":2,"minecraft:netherite_sword":22,"minecraft:armor_stand":11,"minecraft:redstone":4,"minecraft:powered_rail":3,"minecraft:bubble_coral_fan":1,"minecraft:chest":2,"minecraft:sandstone":89,"minecraft:redstone_block":33,"minecraft:composter":5,"minecraft:player_head":9,"minecraft:pink_concrete":4,"minecraft:white_wool":4,"minecraft:glow_item_frame":12,"minecraft:target":2,"minecraft:anvil":2,"minecraft:comparator":2,"minecraft:crafting_table":1,"minecraft:hopper":2,"minecraft:loom":1,"minecraft:note_block":13,"minecraft:lingering_potion":8,"minecraft:glow_lichen":1,"minecraft:endermite_spawn_egg":7,"minecraft:cake":4,"minecraft:snowball":9,"minecraft:oak_fence_gate":1,"minecraft:sticky_piston":23,"minecraft:glass":73,"minecraft:piston":4,"minecraft:lever":6,"minecraft:honey_block":1,"minecraft:honeycomb":1,"minecraft:lava_bucket":8,"minecraft:firework_rocket":1,"minecraft:daylight_detector":1,"minecraft:birch_fence_gate":5,"minecraft:villager_spawn_egg":3,"minecraft:command_block":1,"minecraft:red_wool":4,"minecraft:oak_button":3,"minecraft:string":20,"minecraft:stone_button":2,"minecraft:birch_hanging_sign":2,"minecraft:magenta_concrete":1,"minecraft:iron_door":1,"minecraft:barrel":1,"minecraft:tripwire_hook":9,"minecraft:repeater":16,"minecraft:birch_trapdoor":1,"minecraft:redstone_lamp":13,"minecraft:scaffolding":1,"minecraft:repeating_command_block":3,"minecraft:observer":14,"minecraft:smooth_stone":66},"minecraft:crafted":{"minecraft:firework_star":2,"minecraft:firework_rocket":3},"minecraft:custom":{"minecraft:inspect_dropper":15,"minecraft:interact_with_anvil":3,"minecraft:mob_kills":5,"minecraft:inspect_hopper":1,"minecraft:interact_with_crafting_table":1,"minecraft:tune_noteblock":36,"minecraft:eat_cake_slice":10,"minecraft:leave_game":6,"minecraft:time_since_death":205346,"minecraft:climb_one_cm":220,"minecraft:time_since_rest":205346,"minecraft:sprint_one_cm":57113,"minecraft:walk_one_cm":184468,"minecraft:drop":13,"minecraft:damage_dealt":2506,"minecraft:talked_to_villager":2,"minecraft:fly_one_cm":1074126,"minecraft:target_hit":9,"minecraft:open_chest":12,"minecraft:crouch_one_cm":20871,"minecraft:play_time":205346,"minecraft:sneak_time":11730,"minecraft:walk_under_water_one_cm":535,"minecraft:jump":870,"minecraft:walk_on_water_one_cm":3591,"minecraft:total_world_time":205346,"minecraft:inspect_dispenser":6},"minecraft:killed":{"minecraft:silverfish":1,"minecraft:drowned":3,"minecraft:wither_skeleton":1},"minecraft:picked_up":{"minecraft:tripwire_hook":3,"minecraft:redstone_lamp":1,"minecraft:string":19815,"minecraft:sticky_piston":1,"minecraft:armor_stand":1,"minecraft:glass":1,"minecraft:bone":1,"minecraft:player_head":1,"minecraft:golden_helmet":1,"minecraft:glow_lichen":1,"minecraft:endermite_spawn_egg":1,"minecraft:stone_button":1,"minecraft:drowned_spawn_egg":1,"minecraft:arrow":1,"minecraft:dispenser":1,"minecraft:rotten_flesh":4,"minecraft:lever":3,"minecraft:oak_button":2}},"DataVersion":3463}