{"stats":{"minecraft:dropped":{"minecraft:lever":1,"minecraft:sticky_piston":1,"minecraft:redstone_lamp":1,"minecraft:sandstone":5,"minecraft:powered_rail":1,"minecraft:glass":8,"minecraft:string":251,"minecraft:lectern":242},"minecraft:killed_by":{"minecraft:zombified_piglin":1,"minecraft:skeleton":1,"minecraft:drowned":1},"minecraft:used":{"minecraft:trident":60,"minecraft:netherite_sword":134,"minecraft:jigsaw":1,"minecraft:stone_sword":27,"minecraft:dropper":2,"minecraft:flint_and_steel":1,"minecraft:redstone":1,"minecraft:witch_spawn_egg":6,"minecraft:armor_stand":7,"minecraft:dispenser":1,"minecraft:dark_oak_sign":4,"minecraft:powered_rail":20,"minecraft:black_carpet":2,"minecraft:chest":2,"minecraft:tinted_glass":5,"minecraft:sandstone":145,"minecraft:zombie_spawn_egg":45,"minecraft:redstone_block":47,"minecraft:glow_ink_sac":3,"minecraft:white_wool":1,"minecraft:pink_concrete":16,"minecraft:target":1,"minecraft:skeleton_spawn_egg":2,"minecraft:crossbow":3,"minecraft:note_block":1,"minecraft:blue_concrete":11,"minecraft:obsidian":11,"minecraft:creeper_spawn_egg":2,"minecraft:piston":6,"minecraft:sticky_piston":22,"minecraft:glass":127,"minecraft:lever":8,"minecraft:honey_block":10,"minecraft:villager_spawn_egg":3,"minecraft:red_wool":2,"minecraft:barrier":1,"minecraft:slime_block":9,"minecraft:string":27,"minecraft:netherite_axe":10,"minecraft:magenta_concrete":15,"minecraft:piglin_brute_spawn_egg":11,"minecraft:birch_trapdoor":3,"minecraft:tripwire_hook":2,"minecraft:purple_concrete":7,"minecraft:repeater":5,"minecraft:redstone_lamp":27,"minecraft:bow":85,"minecraft:drowned_spawn_egg":1,"minecraft:smooth_stone_slab":6,"minecraft:repeating_command_block":8,"minecraft:observer":19,"minecraft:smooth_stone":9,"minecraft:pillager_spawn_egg":2},"minecraft:custom":{"minecraft:inspect_dropper":9,"minecraft:mob_kills":59,"minecraft:tune_noteblock":40,"minecraft:leave_game":22,"minecraft:time_since_death":141466,"minecraft:climb_one_cm":1189,"minecraft:time_since_rest":141486,"minecraft:sprint_one_cm":164010,"minecraft:damage_taken":840,"minecraft:walk_one_cm":531778,"minecraft:drop":301,"minecraft:damage_dealt":9628,"minecraft:talked_to_villager":1,"minecraft:fly_one_cm":981636,"minecraft:open_chest":4,"minecraft:crouch_one_cm":40429,"minecraft:play_time":2022413,"minecraft:deaths":3,"minecraft:sneak_time":17371,"minecraft:walk_under_water_one_cm":89,"minecraft:jump":1892,"minecraft:walk_on_water_one_cm":8183,"minecraft:total_world_time":2022413,"minecraft:fall_one_cm":418,"minecraft:inspect_dispenser":3},"minecraft:killed":{"minecraft:zombified_piglin":4,"minecraft:witch":6,"minecraft:creeper":2,"minecraft:skeleton":1,"minecraft:pillager":2,"minecraft:zombie":30,"minecraft:piglin_brute":4,"minecraft:villager":3},"minecraft:picked_up":{"minecraft:splash_potion":1,"minecraft:gunpowder":2,"minecraft:string":599,"minecraft:sticky_piston":1,"minecraft:glass":5,"minecraft:lectern":242,"minecraft:sandstone":5,"minecraft:arrow":1,"minecraft:lever":7,"minecraft:oak_sapling":3}},"DataVersion":3463}