{"stats":{"minecraft:custom":{"minecraft:inspect_dropper":111,"minecraft:mob_kills":46,"minecraft:inspect_hopper":30,"minecraft:interact_with_crafting_table":6,"minecraft:open_barrel":2,"minecraft:fill_cauldron":6,"minecraft:eat_cake_slice":8,"minecraft:leave_game":53,"minecraft:time_since_death":2077895,"minecraft:climb_one_cm":3049,"minecraft:sprint_one_cm":392825,"minecraft:walk_one_cm":1077297,"minecraft:drop":146,"minecraft:talked_to_villager":4,"minecraft:play_time":2077895,"minecraft:sneak_time":134687,"minecraft:walk_under_water_one_cm":131398,"minecraft:jump":6873,"minecraft:walk_on_water_one_cm":279235,"minecraft:total_world_time":3981136,"minecraft:interact_with_furnace":19,"minecraft:tune_noteblock":334,"minecraft:interact_with_loom":51,"minecraft:time_since_rest":2077895,"minecraft:damage_dealt":6629,"minecraft:interact_with_beacon":1,"minecraft:swim_one_cm":843,"minecraft:fly_one_cm":9840475,"minecraft:open_chest":15,"minecraft:crouch_one_cm":159118,"minecraft:inspect_dispenser":146},"minecraft:crafted":{"minecraft:white_carpet":159,"minecraft:firework_star":64,"minecraft:firework_rocket":192},"minecraft:picked_up":{"minecraft:charcoal":42,"minecraft:birch_door":1,"minecraft:black_carpet":3,"minecraft:redstone_block":321,"minecraft:flower_pot":5,"minecraft:redstone_lamp":1,"minecraft:string":122361,"minecraft:moss_carpet":13,"minecraft:flint_and_steel":1,"minecraft:sticky_piston":3,"minecraft:armor_stand":2,"minecraft:comparator":10,"minecraft:candle":6,"minecraft:smooth_stone":2,"minecraft:netherite_sword":1,"minecraft:bucket":26,"minecraft:redstone_torch":61,"minecraft:observer":260,"minecraft:azalea":4,"minecraft:lectern":2,"minecraft:chest":1,"minecraft:sandstone":8,"minecraft:big_dripleaf":4,"minecraft:birch_trapdoor":2,"minecraft:note_block":1,"minecraft:white_dye":192,"minecraft:lightning_rod":1,"minecraft:stone_button":4,"minecraft:pointed_dripstone":1,"minecraft:redstone":57,"minecraft:stone_pressure_plate":2,"minecraft:black_dye":192,"minecraft:command_block":1,"minecraft:weeping_vines":34,"minecraft:light_gray_bed":1,"minecraft:bamboo_sign":2,"minecraft:decorated_pot":1,"minecraft:shears":1,"minecraft:gold_ingot":9,"minecraft:black_banner":50,"minecraft:rail":5,"minecraft:skeleton_skull":5,"minecraft:white_wool":84,"minecraft:birch_log":86,"minecraft:pink_petals":84,"minecraft:magma_block":1,"minecraft:repeater":21,"minecraft:tripwire_hook":67,"minecraft:water_bucket":64,"minecraft:powder_snow_bucket":7,"minecraft:torchflower":3,"minecraft:lily_pad":2,"minecraft:white_banner":49,"minecraft:twisting_vines":1,"minecraft:glass":104,"minecraft:spore_blossom":1,"minecraft:powered_rail":116,"minecraft:acacia_hanging_sign":1,"minecraft:scaffolding":42,"minecraft:debug_stick":2,"minecraft:glow_lichen":1,"minecraft:pitcher_plant":3,"minecraft:lava_bucket":4,"minecraft:birch_fence_gate":5,"minecraft:small_amethyst_bud":1,"minecraft:spider_eye":3,"minecraft:firework_rocket":576,"minecraft:dispenser":1,"minecraft:slime_block":2,"minecraft:black_concrete":1,"minecraft:lever":91,"minecraft:birch_sign":26,"minecraft:crimson_roots":1,"minecraft:hopper":3,"minecraft:mangrove_propagule":5,"minecraft:sunflower":1},"minecraft:dropped":{"minecraft:water_bucket":9,"minecraft:black_dye":192,"minecraft:decorated_pot":1,"minecraft:observer":3,"minecraft:black_banner":48,"minecraft:lava_bucket":1,"minecraft:cobweb":1,"minecraft:packed_ice":1,"minecraft:stone_button":1,"minecraft:repeater":1,"minecraft:white_banner":49,"minecraft:black_concrete":1,"minecraft:smooth_stone":2,"minecraft:string":1203,"minecraft:white_wool":85,"minecraft:redstone":3,"minecraft:redstone_block":2,"minecraft:gold_ingot":9,"minecraft:armor_stand":1,"minecraft:note_block":1,"minecraft:acacia_hanging_sign":1,"minecraft:netherite_sword":1,"minecraft:composter":1,"minecraft:slime_block":3,"minecraft:bamboo_sign":2,"minecraft:glow_lichen":1,"minecraft:debug_stick":3,"minecraft:shears":1,"minecraft:birch_fence_gate":8,"minecraft:lightning_rod":1,"minecraft:birch_trapdoor":2,"minecraft:skeleton_skull":1,"minecraft:hopper":6,"minecraft:light_gray_bed":1,"minecraft:chest":1,"minecraft:redstone_torch":1,"minecraft:birch_sign":1,"minecraft:white_dye":192,"minecraft:sandstone":8,"minecraft:powered_rail":1,"minecraft:glass":71,"minecraft:magma_block":1,"minecraft:scaffolding":4,"minecraft:lectern":1},"minecraft:killed":{"minecraft:cave_spider":6,"minecraft:spider":8,"minecraft:cat":9,"minecraft:piglin":7,"minecraft:bat":3,"minecraft:strider":13},"minecraft:used":{"minecraft:azalea":4,"minecraft:oak_trapdoor":6,"minecraft:moss_carpet":65,"minecraft:trident":13,"minecraft:netherite_sword":78,"minecraft:iron_bars":1,"minecraft:enchanting_table":1,"minecraft:brain_coral_fan":1,"minecraft:dead_bush":1,"minecraft:flint_and_steel":92,"minecraft:armor_stand":17,"minecraft:dispenser":241,"minecraft:redstone":173,"minecraft:bamboo_sign":1,"minecraft:ladder":2,"minecraft:oak_sign":2,"minecraft:black_carpet":8,"minecraft:decorated_pot":2,"minecraft:chest":34,"minecraft:zombie_spawn_egg":2,"minecraft:player_head":2,"minecraft:bubble_coral":2,"minecraft:bell":3,"minecraft:structure_block":5,"minecraft:sculk_sensor":3,"minecraft:tube_coral":2,"minecraft:debug_stick":2542,"minecraft:oak_door":1,"minecraft:dragon_egg":1,"minecraft:brewing_stand":2,"minecraft:dirt":58,"minecraft:birch_pressure_plate":1,"minecraft:target":15,"minecraft:hopper":69,"minecraft:twisting_vines":2,"minecraft:shulker_box":1,"minecraft:glow_lichen":27,"minecraft:weeping_vines":127,"minecraft:oak_fence_gate":1,"minecraft:obsidian":8,"minecraft:big_dripleaf":11,"minecraft:small_dripleaf":10,"minecraft:birch_door":4,"minecraft:glass":2361,"minecraft:packed_ice":22,"minecraft:sea_lantern":1,"minecraft:lava_bucket":42,"minecraft:light_weighted_pressure_plate":12,"minecraft:red_wool":170,"minecraft:grass_block":33,"minecraft:lantern":1,"minecraft:slime_block":27,"minecraft:crimson_roots":1,"minecraft:piglin_brute_spawn_egg":7,"minecraft:stone_brick_stairs":48,"minecraft:tall_grass":2,"minecraft:repeater":229,"minecraft:magma_block":66,"minecraft:birch_trapdoor":114,"minecraft:tripwire_hook":246,"minecraft:purple_concrete":1,"minecraft:infested_mossy_stone_bricks":1,"minecraft:redstone_lamp":8,"minecraft:snow":121,"minecraft:horn_coral":3,"minecraft:scaffolding":82,"minecraft:sweet_berries":1,"minecraft:iron_trapdoor":17,"minecraft:pitcher_plant":4,"minecraft:light_gray_bed":1,"minecraft:furnace":2,"minecraft:gold_block":12,"minecraft:pointed_dripstone":1,"minecraft:dragon_head":3,"minecraft:fire_coral_fan":1,"minecraft:minecart":3,"minecraft:infested_cobblestone":1,"minecraft:gray_banner":1,"minecraft:skeleton_skull":6,"minecraft:stone_pressure_plate":3,"minecraft:horn_coral_fan":42,"minecraft:turtle_egg":1,"minecraft:observer":730,"minecraft:powder_snow_bucket":3,"minecraft:large_fern":8,"minecraft:hanging_roots":6,"minecraft:brown_bed":1,"minecraft:mangrove_leaves":12,"minecraft:yellow_banner":1,"minecraft:water_bucket":845,"minecraft:end_rod":7,"minecraft:tube_coral_fan":2,"minecraft:torchflower":3,"minecraft:dropper":82,"minecraft:dark_oak_hanging_sign":5,"minecraft:infested_stone":50,"minecraft:powered_rail":278,"minecraft:dark_oak_sign":81,"minecraft:lime_wool":7,"minecraft:bubble_coral_fan":1,"minecraft:ender_pearl":7,"minecraft:sandstone":667,"minecraft:sniffer_egg":1,"minecraft:redstone_block":321,"minecraft:composter":45,"minecraft:structure_void":5,"minecraft:cauldron":9,"minecraft:white_dye":8,"minecraft:beacon":1,"minecraft:glow_ink_sac":8,"minecraft:calibrated_sculk_sensor":1,"minecraft:warped_roots":1,"minecraft:conduit":1,"minecraft:large_amethyst_bud":1,"minecraft:oak_leaves":5,"minecraft:white_wool":150,"minecraft:brain_coral":2,"minecraft:glow_berries":2,"minecraft:vine":19,"minecraft:diamond_block":1,"minecraft:sand":1,"minecraft:rail":10,"minecraft:comparator":56,"minecraft:acacia_hanging_sign":1,"minecraft:infested_chiseled_stone_bricks":2,"minecraft:crafting_table":2,"minecraft:loom":3,"minecraft:birch_sign":72,"minecraft:black_banner":78,"minecraft:blue_ice":15,"minecraft:dead_bubble_coral":1,"minecraft:sponge":13,"minecraft:stone_brick_wall":26,"minecraft:fire_coral":2,"minecraft:note_block":75,"minecraft:infested_deepslate":15,"minecraft:lingering_potion":2,"minecraft:painting":23,"minecraft:infested_stone_bricks":1,"minecraft:cake":6,"minecraft:black_terracotta":1,"minecraft:amethyst_cluster":1,"minecraft:lightning_rod":4,"minecraft:small_amethyst_bud":4,"minecraft:birch_fence":1,"minecraft:redstone_torch":352,"minecraft:sticky_piston":259,"minecraft:piston":88,"minecraft:flower_pot":5,"minecraft:lever":278,"minecraft:black_wool":1,"minecraft:black_concrete":13,"minecraft:light":6,"minecraft:activator_rail":14,"minecraft:firework_rocket":560,"minecraft:daylight_detector":1,"minecraft:birch_fence_gate":53,"minecraft:nether_sprouts":1,"minecraft:birch_slab":2,"minecraft:command_block":84,"minecraft:sunflower":1,"minecraft:string":1007,"minecraft:barrier":2,"minecraft:mangrove_propagule":7,"minecraft:oak_button":9,"minecraft:stone_button":19,"minecraft:detector_rail":1,"minecraft:spore_blossom":1,"minecraft:lectern":3,"minecraft:oak_pressure_plate":5,"minecraft:iron_door":2,"minecraft:deepslate":1,"minecraft:crimson_nylium":1,"minecraft:soul_lantern":1,"minecraft:pink_petals":84,"minecraft:dead_horn_coral_fan":1,"minecraft:white_banner":9,"minecraft:medium_amethyst_bud":1,"minecraft:piglin_spawn_egg":16,"minecraft:bucket":162,"minecraft:sandstone_slab":34,"minecraft:glass_pane":7,"minecraft:magenta_glazed_terracotta":36,"minecraft:smooth_stone_slab":5,"minecraft:end_portal_frame":1,"minecraft:sea_pickle":1,"minecraft:pillager_spawn_egg":11,"minecraft:cobweb":3,"minecraft:oak_hanging_sign":1,"minecraft:sculk_vein":252,"minecraft:smooth_stone":1103,"minecraft:bone_meal":14,"minecraft:candle":14}},"DataVersion":3463}