{"stats":{"minecraft:custom":{"minecraft:time_since_rest":112352,"minecraft:walk_one_cm":115143,"minecraft:sprint_one_cm":37855,"minecraft:inspect_dropper":13,"minecraft:damage_taken":135,"minecraft:mob_kills":1,"minecraft:drop":12,"minecraft:damage_dealt":100,"minecraft:swim_one_cm":1106,"minecraft:fly_one_cm":427502,"minecraft:open_chest":3,"minecraft:crouch_one_cm":2147,"minecraft:play_time":112352,"minecraft:sneak_time":3354,"minecraft:walk_under_water_one_cm":283,"minecraft:boat_one_cm":165,"minecraft:jump":707,"minecraft:leave_game":1,"minecraft:time_since_death":112352,"minecraft:walk_on_water_one_cm":3073,"minecraft:total_world_time":112352,"minecraft:climb_one_cm":1168,"minecraft:fall_one_cm":269,"minecraft:inspect_dispenser":1},"minecraft:picked_up":{"minecraft:sandstone":3,"minecraft:splash_potion":2,"minecraft:stone_button":1,"minecraft:redstone":1,"minecraft:string":24,"minecraft:repeating_command_block":1,"minecraft:diamond_pickaxe":1},"minecraft:dropped":{"minecraft:drowned_spawn_egg":1,"minecraft:dispenser":1,"minecraft:diamond_pickaxe":2,"minecraft:sticky_piston":1,"minecraft:chest":1,"minecraft:arrow":2,"minecraft:splash_potion":3,"minecraft:redstone":1},"minecraft:killed":{"minecraft:zombie_villager":1},"minecraft:mined":{"minecraft:sandstone":5},"minecraft:used":{"minecraft:creeper_spawn_egg":2,"minecraft:acacia_boat":2,"minecraft:sticky_piston":4,"minecraft:glass":5,"minecraft:water_bucket":1,"minecraft:diamond_pickaxe":5,"minecraft:command_block":3,"minecraft:zombie_villager_spawn_egg":1,"minecraft:oak_button":1,"minecraft:dispenser":1,"minecraft:redstone":3,"minecraft:string":4,"minecraft:stone_button":1,"minecraft:oak_sign":2,"minecraft:silverfish_spawn_egg":1,"minecraft:ender_pearl":2,"minecraft:chest":2,"minecraft:sandstone":39,"minecraft:wither_skeleton_spawn_egg":1,"minecraft:redstone_block":2,"minecraft:cat_spawn_egg":1,"minecraft:drowned_spawn_egg":3,"minecraft:crossbow":1,"minecraft:repeating_command_block":1,"minecraft:splash_potion":49}},"DataVersion":3463}