{"stats":{"minecraft:custom":{"minecraft:time_since_rest":2165162,"minecraft:sprint_one_cm":163037,"minecraft:inspect_dropper":1,"minecraft:damage_taken":20,"minecraft:walk_one_cm":97854,"minecraft:mob_kills":4,"minecraft:drop":46,"minecraft:inspect_hopper":32,"minecraft:talked_to_villager":1,"minecraft:tune_noteblock":50,"minecraft:fly_one_cm":964475,"minecraft:open_barrel":1,"minecraft:open_chest":8,"minecraft:crouch_one_cm":20718,"minecraft:play_time":2165162,"minecraft:interact_with_loom":1,"minecraft:sneak_time":24640,"minecraft:walk_under_water_one_cm":287,"minecraft:jump":1767,"minecraft:leave_game":9,"minecraft:time_since_death":2165162,"minecraft:walk_on_water_one_cm":6036,"minecraft:climb_one_cm":2035,"minecraft:total_world_time":2165162,"minecraft:inspect_dispenser":10,"minecraft:fall_one_cm":484},"minecraft:picked_up":{"minecraft:black_carpet":19,"minecraft:redstone_block":1,"minecraft:tripwire_hook":2,"minecraft:composter":2,"minecraft:spider_eye":1,"minecraft:string":17497,"minecraft:glass":1,"minecraft:small_dripleaf":1,"minecraft:observer":1,"minecraft:lectern":1,"minecraft:hopper":1},"minecraft:dropped":{"minecraft:note_block":1,"minecraft:redstone_lamp":1,"minecraft:composter":1,"minecraft:small_dripleaf":1,"minecraft:redstone_torch":1,"minecraft:glass":1,"minecraft:campfire":1,"minecraft:command_block":1,"minecraft:black_concrete":1,"minecraft:smooth_stone":1,"minecraft:string":1792,"minecraft:tripwire_hook":3,"minecraft:redstone_block":2,"minecraft:lectern":2,"minecraft:armor_stand":1},"minecraft:killed":{"minecraft:cat":1,"minecraft:piglin":1,"minecraft:cave_spider":1,"minecraft:spider":1},"minecraft:used":{"minecraft:oak_trapdoor":1,"minecraft:glass":45,"minecraft:sticky_piston":5,"minecraft:lever":2,"minecraft:command_block":3,"minecraft:red_wool":1,"minecraft:armor_stand":3,"minecraft:string":25,"minecraft:black_carpet":31,"minecraft:lectern":2,"minecraft:sandstone":55,"minecraft:redstone_block":13,"minecraft:white_wool":13,"minecraft:torch":17,"minecraft:repeater":1,"minecraft:redstone_lamp":1,"minecraft:anvil":7,"minecraft:hopper":26,"minecraft:repeating_command_block":9,"minecraft:observer":1,"minecraft:smooth_stone":24,"minecraft:trident":114}},"DataVersion":3463}